"InvoiceID","ReceivedBy","DeliveredWhen","Events"
"1","Aakriti Byrraju","2013-01-02","{""Event"":""Ready for collection"",""EventTime"":""2013-01-01T12:00:00"",""ConNote"":""EAN-125-1051""}"
"1","Aakriti Byrraju","2013-01-02","{""Event"":""DeliveryAttempt"",""EventTime"":""2013-01-02T07:05:00"",""ConNote"":""EAN-125-1051"",""DriverID"":15,""Latitude"":41.3617214,""Longitude"":-81.4695602,""Status"":""Delivered""}"
"2","Bala Dixit","2013-01-02","{""Event"":""Ready for collection"",""EventTime"":""2013-01-01T12:00:00"",""ConNote"":""EAN-125-1052""}"
"2","Bala Dixit","2013-01-02","{""Event"":""DeliveryAttempt"",""EventTime"":""2013-01-02T07:10:00"",""ConNote"":""EAN-125-1052"",""DriverID"":15,""Latitude"":40.8657308,""Longitude"":-120.4602262,""Status"":""Delivered""}"
"3","Sung-Hwan Hwang","2013-01-02","{""Event"":""Ready for collection"",""EventTime"":""2013-01-01T12:00:00"",""ConNote"":""EAN-125-1053""}"
"3","Sung-Hwan Hwang","2013-01-02","{""Event"":""DeliveryAttempt"",""EventTime"":""2013-01-02T07:15:00"",""ConNote"":""EAN-125-1053"",""DriverID"":15,""Latitude"":33.4848451,""Longitude"":-89.3606259,""Status"":""Delivered""}"
"4","Aile Mae","2013-01-02","{""Event"":""Ready for collection"",""EventTime"":""2013-01-01T12:00:00"",""ConNote"":""EAN-125-1054""}"
"4","Aile Mae","2013-01-02","{""Event"":""DeliveryAttempt"",""EventTime"":""2013-01-02T07:20:00"",""ConNote"":""EAN-125-1054"",""DriverID"":15,""Latitude"":41.0208896,""Longitude"":-81.4359458,""Status"":""Delivered""}"
"5","Sara Huiting","2013-01-02","{""Event"":""Ready for collection"",""EventTime"":""2013-01-01T12:00:00"",""ConNote"":""EAN-125-1055""}"
"5","Sara Huiting","2013-01-02","{""Event"":""DeliveryAttempt"",""EventTime"":""2013-01-02T07:25:00"",""ConNote"":""EAN-125-1055"",""DriverID"":15,""Latitude"":45.7849627,""Longitude"":-93.5569028,""Status"":""Delivered""}"
"6","Alinne Matos","2013-01-02","{""Event"":""Ready for collection"",""EventTime"":""2013-01-01T12:00:00"",""ConNote"":""EAN-125-1056""}"
"6","Alinne Matos","2013-01-02","{""Event"":""DeliveryAttempt"",""EventTime"":""2013-01-02T07:30:00"",""ConNote"":""EAN-125-1056"",""DriverID"":15,""Latitude"":31.1835648,""Longitude"":-81.3498179,""Status"":""Delivered""}"
"7","Dattaatraeya Tottempudi","2013-01-02","{""Event"":""Ready for collection"",""EventTime"":""2013-01-01T12:00:00"",""ConNote"":""EAN-125-1057""}"
"7","Dattaatraeya Tottempudi","2013-01-02","{""Event"":""DeliveryAttempt"",""EventTime"":""2013-01-02T07:35:00"",""ConNote"":""EAN-125-1057"",""DriverID"":15,""Latitude"":42.5422939,""Longitude"":-76.6660589,""Status"":""Delivered""}"
"8","Ingrida Zeltina","2013-01-02","{""Event"":""Ready for collection"",""EventTime"":""2013-01-01T12:00:00"",""ConNote"":""EAN-125-1058""}"
"8","Ingrida Zeltina","2013-01-02","{""Event"":""DeliveryAttempt"",""EventTime"":""2013-01-02T07:40:00"",""ConNote"":""EAN-125-1058"",""DriverID"":15,""Latitude"":28.4624986,""Longitude"":-82.1948076,""Status"":""Delivered""}"
"9","Airi Vassiljev","2013-01-02","{""Event"":""Ready for collection"",""EventTime"":""2013-01-01T12:00:00"",""ConNote"":""EAN-125-1059""}"
"9","Airi Vassiljev","2013-01-02","{""Event"":""DeliveryAttempt"",""EventTime"":""2013-01-02T07:45:00"",""ConNote"":""EAN-125-1059"",""DriverID"":15,""Latitude"":30.9913064,""Longitude"":-83.3726575,""Status"":""Delivered""}"
"10","Ester Ahmadian","2013-01-02","{""Event"":""Ready for collection"",""EventTime"":""2013-01-01T12:00:00"",""ConNote"":""EAN-125-1060""}"
"10","Ester Ahmadian","2013-01-02","{""Event"":""DeliveryAttempt"",""EventTime"":""2013-01-02T07:50:00"",""ConNote"":""EAN-125-1060"",""DriverID"":15,""Latitude"":33.1865071,""Longitude"":-84.2113095,""Status"":""Delivered""}"
"11","Anete Kundzina","2013-01-02","{""Event"":""Ready for collection"",""EventTime"":""2013-01-01T12:00:00"",""ConNote"":""EAN-125-1061""}"
"11","Anete Kundzina","2013-01-02","{""Event"":""DeliveryAttempt"",""EventTime"":""2013-01-02T07:55:00"",""ConNote"":""EAN-125-1061"",""DriverID"":15,""Latitude"":29.1924772,""Longitude"":-81.9173071,""Status"":""Delivered""}"
"12","Seo-yeon Rim","2013-01-02","{""Event"":""Ready for collection"",""EventTime"":""2013-01-01T12:00:00"",""ConNote"":""EAN-125-1062""}"
"12","Seo-yeon Rim","2013-01-02","{""Event"":""DeliveryAttempt"",""EventTime"":""2013-01-02T08:00:00"",""ConNote"":""EAN-125-1062"",""DriverID"":15,""Latitude"":32.8706936,""Longitude"":-83.4887852,""Status"":""Delivered""}"
"13","Doru Munteanu","2013-01-02","{""Event"":""Ready for collection"",""EventTime"":""2013-01-01T12:00:00"",""ConNote"":""EAN-125-1063""}"
"13","Doru Munteanu","2013-01-02","{""Event"":""DeliveryAttempt"",""EventTime"":""2013-01-02T08:05:00"",""ConNote"":""EAN-125-1063"",""DriverID"":15,""Latitude"":39.3946303,""Longitude"":-120.021308,""Status"":""Delivered""}"
"14","In-Su Bae","2013-01-02","{""Event"":""Ready for collection"",""EventTime"":""2013-01-01T12:00:00"",""ConNote"":""EAN-125-1064""}"
"14","In-Su Bae","2013-01-02","{""Event"":""DeliveryAttempt"",""EventTime"":""2013-01-02T08:10:00"",""ConNote"":""EAN-125-1064"",""DriverID"":15,""Latitude"":47.852874,""Longitude"":-122.3334669,""Status"":""Delivered""}"
"15","Valter Viiding","2013-01-02","{""Event"":""Ready for collection"",""EventTime"":""2013-01-01T12:00:00"",""ConNote"":""EAN-125-1065""}"
"15","Valter Viiding","2013-01-02","{""Event"":""DeliveryAttempt"",""EventTime"":""2013-01-02T08:15:00"",""ConNote"":""EAN-125-1065"",""DriverID"":15,""Latitude"":41.4353301,""Longitude"":-81.6573501,""Status"":""Delivered""}"
"16","Lan Chu","2013-01-02","{""Event"":""Ready for collection"",""EventTime"":""2013-01-01T12:00:00"",""ConNote"":""EAN-125-1066""}"
"16","Lan Chu","2013-01-02","{""Event"":""DeliveryAttempt"",""EventTime"":""2013-01-02T08:20:00"",""ConNote"":""EAN-125-1066"",""DriverID"":15,""Latitude"":39.934278,""Longitude"":-75.3901933,""Status"":""Delivered""}"
"17","Elina Kaleja","2013-01-02","{""Event"":""Ready for collection"",""EventTime"":""2013-01-01T12:00:00"",""ConNote"":""EAN-125-1067""}"
"17","Elina Kaleja","2013-01-02","{""Event"":""DeliveryAttempt"",""EventTime"":""2013-01-02T08:25:00"",""ConNote"":""EAN-125-1067"",""DriverID"":15,""Latitude"":29.3791112,""Longitude"":-90.2600787,""Status"":""Delivered""}"
"18","Seo-yun Paik","2013-01-02","{""Event"":""Ready for collection"",""EventTime"":""2013-01-01T12:00:00"",""ConNote"":""EAN-125-1068""}"
"18","Seo-yun Paik","2013-01-02","{""Event"":""DeliveryAttempt"",""EventTime"":""2013-01-02T08:30:00"",""ConNote"":""EAN-125-1068"",""DriverID"":15,""Latitude"":28.9685817,""Longitude"":-95.4552208,""Status"":""Delivered""}"
"19","Kumar Kamei","2013-01-02","{""Event"":""Ready for collection"",""EventTime"":""2013-01-01T12:00:00"",""ConNote"":""EAN-125-1069""}"
"19","Kumar Kamei","2013-01-02","{""Event"":""DeliveryAttempt"",""EventTime"":""2013-01-02T08:35:00"",""ConNote"":""EAN-125-1069"",""DriverID"":15,""Latitude"":39.3034346,""Longitude"":-77.9827756,""Comment"":""Receiver not present""}"
"20","Anindya Ghatak","2013-01-02","{""Event"":""Ready for collection"",""EventTime"":""2013-01-01T12:00:00"",""ConNote"":""EAN-125-1070""}"
"20","Anindya Ghatak","2013-01-02","{""Event"":""DeliveryAttempt"",""EventTime"":""2013-01-02T08:40:00"",""ConNote"":""EAN-125-1070"",""DriverID"":15,""Latitude"":39.035,""Longitude"":-87.053,""Status"":""Delivered""}"
"21","Raju Atluri","2013-01-02","{""Event"":""Ready for collection"",""EventTime"":""2013-01-01T12:00:00"",""ConNote"":""EAN-125-1071""}"
"21","Raju Atluri","2013-01-02","{""Event"":""DeliveryAttempt"",""EventTime"":""2013-01-02T08:45:00"",""ConNote"":""EAN-125-1071"",""DriverID"":15,""Latitude"":41.5964825,""Longitude"":-73.91097,""Status"":""Delivered""}"
"22","Olya Izmaylov","2013-01-02","{""Event"":""Ready for collection"",""EventTime"":""2013-01-01T12:00:00"",""ConNote"":""EAN-125-1072""}"
"22","Olya Izmaylov","2013-01-02","{""Event"":""DeliveryAttempt"",""EventTime"":""2013-01-02T08:50:00"",""ConNote"":""EAN-125-1072"",""DriverID"":15,""Latitude"":27.2164329,""Longitude"":-98.0644475,""Status"":""Delivered""}"
"23","Sara Charlton","2013-01-02","{""Event"":""Ready for collection"",""EventTime"":""2013-01-01T12:00:00"",""ConNote"":""EAN-125-1073""}"
"23","Sara Charlton","2013-01-02","{""Event"":""DeliveryAttempt"",""EventTime"":""2013-01-02T08:55:00"",""ConNote"":""EAN-125-1073"",""DriverID"":15,""Latitude"":41.2459149,""Longitude"":-75.8813075,""Status"":""Delivered""}"
"24","Hana Hlouskova","2013-01-02","{""Event"":""Ready for collection"",""EventTime"":""2013-01-01T12:00:00"",""ConNote"":""EAN-125-1074""}"
"24","Hana Hlouskova","2013-01-02","{""Event"":""DeliveryAttempt"",""EventTime"":""2013-01-02T09:00:00"",""ConNote"":""EAN-125-1074"",""DriverID"":15,""Latitude"":35.1725399,""Longitude"":-107.3689356,""Status"":""Delivered""}"
"25","Vitezslav Holy","2013-01-02","{""Event"":""Ready for collection"",""EventTime"":""2013-01-01T12:00:00"",""ConNote"":""EAN-125-1075""}"
"25","Vitezslav Holy","2013-01-02","{""Event"":""DeliveryAttempt"",""EventTime"":""2013-01-02T09:05:00"",""ConNote"":""EAN-125-1075"",""DriverID"":15,""Latitude"":34.1092876,""Longitude"":-82.2492911,""Status"":""Delivered""}"
"26","Am Lo","2013-01-02","{""Event"":""Ready for collection"",""EventTime"":""2013-01-01T12:00:00"",""ConNote"":""EAN-125-1076""}"
"26","Am Lo","2013-01-02","{""Event"":""DeliveryAttempt"",""EventTime"":""2013-01-02T09:10:00"",""ConNote"":""EAN-125-1076"",""DriverID"":15,""Latitude"":34.77873,""Longitude"":-82.310119,""Comment"":""Receiver not present""}"
"27","Aakarsha Nookala","2013-01-02","{""Event"":""Ready for collection"",""EventTime"":""2013-01-01T12:00:00"",""ConNote"":""EAN-125-1077""}"
"27","Aakarsha Nookala","2013-01-02","{""Event"":""DeliveryAttempt"",""EventTime"":""2013-01-02T09:15:00"",""ConNote"":""EAN-125-1077"",""DriverID"":15,""Latitude"":40.8759325,""Longitude"":-74.5423796,""Status"":""Delivered""}"
"28","Marcella Napolitani","2013-01-02","{""Event"":""Ready for collection"",""EventTime"":""2013-01-01T12:00:00"",""ConNote"":""EAN-125-1078""}"
"28","Marcella Napolitani","2013-01-02","{""Event"":""DeliveryAttempt"",""EventTime"":""2013-01-02T09:20:00"",""ConNote"":""EAN-125-1078"",""DriverID"":15,""Latitude"":43.4710944,""Longitude"":-89.7442907,""Status"":""Delivered""}"
"29","Lakshmi Benipal","2013-01-02","{""Event"":""Ready for collection"",""EventTime"":""2013-01-01T12:00:00"",""ConNote"":""EAN-125-1079""}"
"29","Lakshmi Benipal","2013-01-02","{""Event"":""DeliveryAttempt"",""EventTime"":""2013-01-02T09:25:00"",""ConNote"":""EAN-125-1079"",""DriverID"":15,""Latitude"":34.6391501,""Longitude"":-120.4579409,""Comment"":""Receiver not present""}"
"30","Severins Polis","2013-01-02","{""Event"":""Ready for collection"",""EventTime"":""2013-01-01T12:00:00"",""ConNote"":""EAN-125-1080""}"
"30","Severins Polis","2013-01-02","{""Event"":""DeliveryAttempt"",""EventTime"":""2013-01-02T09:30:00"",""ConNote"":""EAN-125-1080"",""DriverID"":15,""Latitude"":40.8042239,""Longitude"":-82.195712,""Status"":""Delivered""}"
"31","Coralie Emond","2013-01-02","{""Event"":""Ready for collection"",""EventTime"":""2013-01-01T12:00:00"",""ConNote"":""EAN-125-1081""}"
"31","Coralie Emond","2013-01-02","{""Event"":""DeliveryAttempt"",""EventTime"":""2013-01-02T09:35:00"",""ConNote"":""EAN-125-1081"",""DriverID"":15,""Latitude"":34.8778952,""Longitude"":-82.4240114,""Status"":""Delivered""}"
"32","Surendra Sahu","2013-01-02","{""Event"":""Ready for collection"",""EventTime"":""2013-01-01T12:00:00"",""ConNote"":""EAN-125-1082""}"
"32","Surendra Sahu","2013-01-02","{""Event"":""DeliveryAttempt"",""EventTime"":""2013-01-02T09:40:00"",""ConNote"":""EAN-125-1082"",""DriverID"":15,""Latitude"":29.8682764,""Longitude"":-94.8327007,""Comment"":""Receiver not present""}"
"33","Siddhartha Parkar","2013-01-02","{""Event"":""Ready for collection"",""EventTime"":""2013-01-01T12:00:00"",""ConNote"":""EAN-125-1083""}"
"33","Siddhartha Parkar","2013-01-02","{""Event"":""DeliveryAttempt"",""EventTime"":""2013-01-02T09:45:00"",""ConNote"":""EAN-125-1083"",""DriverID"":15,""Latitude"":47.1697143,""Longitude"":-98.4598177,""Status"":""Delivered""}"
"34","Lana Goransson","2013-01-02","{""Event"":""Ready for collection"",""EventTime"":""2013-01-01T12:00:00"",""ConNote"":""EAN-125-1084""}"
"34","Lana Goransson","2013-01-02","{""Event"":""DeliveryAttempt"",""EventTime"":""2013-01-02T09:50:00"",""ConNote"":""EAN-125-1084"",""DriverID"":15,""Latitude"":44.9264337,""Longitude"":-74.0796081,""Status"":""Delivered""}"
"35","Selma Seppanen","2013-01-02","{""Event"":""Ready for collection"",""EventTime"":""2013-01-01T12:00:00"",""ConNote"":""EAN-125-1085""}"
"35","Selma Seppanen","2013-01-02","{""Event"":""DeliveryAttempt"",""EventTime"":""2013-01-02T09:55:00"",""ConNote"":""EAN-125-1085"",""DriverID"":15,""Latitude"":18.0597925,""Longitude"":-65.909286,""Status"":""Delivered""}"
"36","Sumati Bhat","2013-01-02","{""Event"":""Ready for collection"",""EventTime"":""2013-01-01T12:00:00"",""ConNote"":""EAN-125-1086""}"
"36","Sumati Bhat","2013-01-02","{""Event"":""DeliveryAttempt"",""EventTime"":""2013-01-02T10:00:00"",""ConNote"":""EAN-125-1086"",""DriverID"":15,""Latitude"":47.8856515,""Longitude"":-122.3051342,""Status"":""Delivered""}"
"37","Kumar Naicker","2013-01-02","{""Event"":""Ready for collection"",""EventTime"":""2013-01-01T12:00:00"",""ConNote"":""EAN-125-1087""}"
"37","Kumar Naicker","2013-01-02","{""Event"":""DeliveryAttempt"",""EventTime"":""2013-01-02T10:05:00"",""ConNote"":""EAN-125-1087"",""DriverID"":15,""Latitude"":44.8738805,""Longitude"":-88.1428798,""Comment"":""Receiver not present""}"
"38","Elina Kaleja","2013-01-02","{""Event"":""Ready for collection"",""EventTime"":""2013-01-01T12:00:00"",""ConNote"":""EAN-125-1088""}"
"38","Elina Kaleja","2013-01-02","{""Event"":""DeliveryAttempt"",""EventTime"":""2013-01-02T10:10:00"",""ConNote"":""EAN-125-1088"",""DriverID"":15,""Latitude"":29.3791112,""Longitude"":-90.2600787,""Status"":""Delivered""}"
"39","Mina Bagheri","2013-01-02","{""Event"":""Ready for collection"",""EventTime"":""2013-01-01T12:00:00"",""ConNote"":""EAN-125-1089""}"
"39","Mina Bagheri","2013-01-02","{""Event"":""DeliveryAttempt"",""EventTime"":""2013-01-02T10:15:00"",""ConNote"":""EAN-125-1089"",""DriverID"":15,""Latitude"":41.1216623,""Longitude"":-93.7249413,""Comment"":""Receiver not present""}"
"40","Krishnam Allu","2013-01-02","{""Event"":""Ready for collection"",""EventTime"":""2013-01-01T12:00:00"",""ConNote"":""EAN-125-1090""}"
"40","Krishnam Allu","2013-01-02","{""Event"":""DeliveryAttempt"",""EventTime"":""2013-01-02T10:20:00"",""ConNote"":""EAN-125-1090"",""DriverID"":15,""Latitude"":36.4970385,""Longitude"":-99.986688,""Status"":""Delivered""}"
"41","Maurice English","2013-01-02","{""Event"":""Ready for collection"",""EventTime"":""2013-01-01T12:00:00"",""ConNote"":""EAN-125-1091""}"
"41","Maurice English","2013-01-02","{""Event"":""DeliveryAttempt"",""EventTime"":""2013-01-02T10:25:00"",""ConNote"":""EAN-125-1091"",""DriverID"":15,""Latitude"":33.7167949,""Longitude"":-82.4398499,""Status"":""Delivered""}"
"42","Aamdaal Kamasamudram","2013-01-03","{""Event"":""Ready for collection"",""EventTime"":""2013-01-02T12:00:00"",""ConNote"":""EAN-125-1092""}"
"42","Aamdaal Kamasamudram","2013-01-03","{""Event"":""DeliveryAttempt"",""EventTime"":""2013-01-03T07:05:00"",""ConNote"":""EAN-125-1092"",""DriverID"":17,""Latitude"":38.775007,""Longitude"":-95.1863603,""Status"":""Delivered""}"
"43","Daedeepya Thota","2013-01-03","{""Event"":""Ready for collection"",""EventTime"":""2013-01-02T12:00:00"",""ConNote"":""EAN-125-1093""}"
"43","Daedeepya Thota","2013-01-03","{""Event"":""DeliveryAttempt"",""EventTime"":""2013-01-03T07:10:00"",""ConNote"":""EAN-125-1093"",""DriverID"":17,""Latitude"":35.3058311,""Longitude"":-94.7897384,""Status"":""Delivered""}"
"44","Pongrit Srisati","2013-01-03","{""Event"":""Ready for collection"",""EventTime"":""2013-01-02T12:00:00"",""ConNote"":""EAN-125-1094""}"
"44","Pongrit Srisati","2013-01-03","{""Event"":""DeliveryAttempt"",""EventTime"":""2013-01-03T07:15:00"",""ConNote"":""EAN-125-1094"",""DriverID"":17,""Latitude"":40.8728411,""Longitude"":-78.724196,""Status"":""Delivered""}"
"45","Aakriti Byrraju","2013-01-03","{""Event"":""Ready for collection"",""EventTime"":""2013-01-02T12:00:00"",""ConNote"":""EAN-125-1095""}"
"45","Aakriti Byrraju","2013-01-03","{""Event"":""DeliveryAttempt"",""EventTime"":""2013-01-03T07:20:00"",""ConNote"":""EAN-125-1095"",""DriverID"":17,""Latitude"":41.3617214,""Longitude"":-81.4695602,""Status"":""Delivered""}"
"46","Bala Dixit","2013-01-03","{""Event"":""Ready for collection"",""EventTime"":""2013-01-02T12:00:00"",""ConNote"":""EAN-125-1096""}"
"46","Bala Dixit","2013-01-03","{""Event"":""DeliveryAttempt"",""EventTime"":""2013-01-03T07:25:00"",""ConNote"":""EAN-125-1096"",""DriverID"":17,""Latitude"":40.8657308,""Longitude"":-120.4602262,""Status"":""Delivered""}"
"47","Sung-Hwan Hwang","2013-01-03","{""Event"":""Ready for collection"",""EventTime"":""2013-01-02T12:00:00"",""ConNote"":""EAN-125-1097""}"
"47","Sung-Hwan Hwang","2013-01-03","{""Event"":""DeliveryAttempt"",""EventTime"":""2013-01-03T07:30:00"",""ConNote"":""EAN-125-1097"",""DriverID"":17,""Latitude"":33.4848451,""Longitude"":-89.3606259,""Status"":""Delivered""}"
"48","Sara Huiting","2013-01-03","{""Event"":""Ready for collection"",""EventTime"":""2013-01-02T12:00:00"",""ConNote"":""EAN-125-1098""}"
"48","Sara Huiting","2013-01-03","{""Event"":""DeliveryAttempt"",""EventTime"":""2013-01-03T07:35:00"",""ConNote"":""EAN-125-1098"",""DriverID"":17,""Latitude"":45.7849627,""Longitude"":-93.5569028,""Status"":""Delivered""}"
"49","Dattaatraeya Tottempudi","2013-01-03","{""Event"":""Ready for collection"",""EventTime"":""2013-01-02T12:00:00"",""ConNote"":""EAN-125-1099""}"
"49","Dattaatraeya Tottempudi","2013-01-03","{""Event"":""DeliveryAttempt"",""EventTime"":""2013-01-03T07:40:00"",""ConNote"":""EAN-125-1099"",""DriverID"":17,""Latitude"":42.5422939,""Longitude"":-76.6660589,""Status"":""Delivered""}"
"50","Ingrida Zeltina","2013-01-03","{""Event"":""Ready for collection"",""EventTime"":""2013-01-02T12:00:00"",""ConNote"":""EAN-125-1100""}"
"50","Ingrida Zeltina","2013-01-03","{""Event"":""DeliveryAttempt"",""EventTime"":""2013-01-03T07:45:00"",""ConNote"":""EAN-125-1100"",""DriverID"":17,""Latitude"":28.4624986,""Longitude"":-82.1948076,""Status"":""Delivered""}"